{
  "test/mean_score": 0.9102492907097424,
  "test/sim_max_reward_4300000": 1.0,
  "test/sim_max_reward_4300001": 0.9839544283930309,
  "test/sim_max_reward_4300002": 1.0,
  "test/sim_max_reward_4300003": 1.0,
  "test/sim_max_reward_4300004": 1.0,
  "test/sim_max_reward_4300005": 1.0,
  "test/sim_max_reward_4300006": 0.9512536394115975,
  "test/sim_max_reward_4300007": 1.0,
  "test/sim_max_reward_4300008": 0.9522019808099621,
  "test/sim_max_reward_4300009": 0.9966714480471754,
  "test/sim_max_reward_4300010": 1.0,
  "test/sim_max_reward_4300011": 1.0,
  "test/sim_max_reward_4300012": 1.0,
  "test/sim_max_reward_4300013": 0.9936218811225263,
  "test/sim_max_reward_4300014": 1.0,
  "test/sim_max_reward_4300015": 1.0,
  "test/sim_max_reward_4300016": 1.0,
  "test/sim_max_reward_4300017": 0.9861296119536898,
  "test/sim_max_reward_4300018": 0.9886262452744894,
  "test/sim_max_reward_4300019": 0.9653993286909617,
  "test/sim_max_reward_4300020": 0.9771204305960893,
  "test/sim_max_reward_4300021": 1.0,
  "test/sim_max_reward_4300022": 1.0,
  "test/sim_max_reward_4300023": 0.9768112956225886,
  "test/sim_max_reward_4300024": 0.9701836720062395,
  "test/sim_max_reward_4300025": 0.9925669717110993,
  "test/sim_max_reward_4300026": 1.0,
  "test/sim_max_reward_4300027": 0.9471886263408844,
  "test/sim_max_reward_4300028": 1.0,
  "test/sim_max_reward_4300029": 0.10530933851732384,
  "test/sim_max_reward_4300030": 0.0,
  "test/sim_max_reward_4300031": 0.969745722692905,
  "test/sim_max_reward_4300032": 1.0,
  "test/sim_max_reward_4300033": 1.0,
  "test/sim_max_reward_4300034": 1.0,
  "test/sim_max_reward_4300035": 1.0,
  "test/sim_max_reward_4300036": 1.0,
  "test/sim_max_reward_4300037": 1.0,
  "test/sim_max_reward_4300038": 1.0,
  "test/sim_max_reward_4300039": 0.9333891723999597,
  "test/sim_max_reward_4300040": 0.9665648636737406,
  "test/sim_max_reward_4300041": 0.0,
  "test/sim_max_reward_4300042": 1.0,
  "test/sim_max_reward_4300043": 0.962541748583494,
  "test/sim_max_reward_4300044": 0.9979885935719858,
  "test/sim_max_reward_4300045": 0.9709220912497804,
  "test/sim_max_reward_4300046": 0.9856958665259765,
  "test/sim_max_reward_4300047": 0.9385775782916196,
  "test/sim_max_reward_4300048": 1.0,
  "test/sim_max_reward_4300049": 0.0,
  "test/sim_video_4300000": "data/pusht_test_eval_output/media/dp8z0c8t.mp4",
  "test/sim_video_4300001": "data/pusht_test_eval_output/media/le2hrwx2.mp4",
  "test/sim_video_4300002": "data/pusht_test_eval_output/media/gzic493y.mp4",
  "test/sim_video_4300003": "data/pusht_test_eval_output/media/zo0dre4w.mp4",
  "train/mean_score": 0.9973213751051121,
  "train/sim_max_reward_0": 1.0,
  "train/sim_max_reward_1": 0.992322183058444,
  "train/sim_max_reward_2": 0.9981558220989486,
  "train/sim_max_reward_3": 1.0,
  "train/sim_max_reward_4": 1.0,
  "train/sim_max_reward_5": 0.9934502454732796,
  "train/sim_video_0": "data/pusht_test_eval_output/media/x0kugx9w.mp4",
  "train/sim_video_1": "data/pusht_test_eval_output/media/v8c9f18i.mp4"
}