{
  "test/mean_score": 0.13489294164313437,
  "test/sim_max_reward_4300000": 0.0,
  "test/sim_max_reward_4300001": 0.0,
  "test/sim_max_reward_4300002": 0.17403636649123597,
  "test/sim_max_reward_4300003": 0.27937153809368176,
  "test/sim_max_reward_4300004": 0.13916582400752991,
  "test/sim_max_reward_4300005": 0.3196548033632791,
  "test/sim_max_reward_4300006": 0.0,
  "test/sim_max_reward_4300007": 0.05711829730924826,
  "test/sim_max_reward_4300008": 0.00016643881176481705,
  "test/sim_max_reward_4300009": 0.00022323700018118755,
  "test/sim_max_reward_4300010": 0.0,
  "test/sim_max_reward_4300011": 0.3784369459123233,
  "test/sim_max_reward_4300012": 0.2824010950573569,
  "test/sim_max_reward_4300013": 0.332047206386072,
  "test/sim_max_reward_4300014": 0.40215032444606214,
  "test/sim_max_reward_4300015": 0.22434380981056135,
  "test/sim_max_reward_4300016": 0.003528176629464992,
  "test/sim_max_reward_4300017": 9.468268545153251e-05,
  "test/sim_max_reward_4300018": 0.4411817600506177,
  "test/sim_max_reward_4300019": 0.1850286513879291,
  "test/sim_max_reward_4300020": 0.0,
  "test/sim_max_reward_4300021": 0.2933164934677925,
  "test/sim_max_reward_4300022": 0.01115853844021444,
  "test/sim_max_reward_4300023": 0.2057529789273333,
  "test/sim_max_reward_4300024": 0.0,
  "test/sim_max_reward_4300025": 0.08847875242732427,
  "test/sim_max_reward_4300026": 0.050878423390650566,
  "test/sim_max_reward_4300027": 0.23520144102250204,
  "test/sim_max_reward_4300028": 0.005903077800218366,
  "test/sim_max_reward_4300029": 0.0,
  "test/sim_max_reward_4300030": 0.0,
  "test/sim_max_reward_4300031": 0.0,
  "test/sim_max_reward_4300032": 0.20313373880134206,
  "test/sim_max_reward_4300033": 0.2676899508072988,
  "test/sim_max_reward_4300034": 0.0,
  "test/sim_max_reward_4300035": 0.0,
  "test/sim_max_reward_4300036": 0.199194115563479,
  "test/sim_max_reward_4300037": 0.5527122599440878,
  "test/sim_max_reward_4300038": 0.0,
  "test/sim_max_reward_4300039": 0.5638658080101551,
  "test/sim_max_reward_4300040": 0.0,
  "test/sim_max_reward_4300041": 0.0,
  "test/sim_max_reward_4300042": 0.27537979872259816,
  "test/sim_max_reward_4300043": 0.01912165197990456,
  "test/sim_max_reward_4300044": 0.09200080013477677,
  "test/sim_max_reward_4300045": 0.19234573822998594,
  "test/sim_max_reward_4300046": 0.0,
  "test/sim_max_reward_4300047": 0.10477308579374034,
  "test/sim_max_reward_4300048": 0.16479127125055457,
  "test/sim_max_reward_4300049": 0.0,
  "test/sim_video_4300000": "data/bc_eval_output/media/v86absu4.mp4",
  "test/sim_video_4300001": "data/bc_eval_output/media/7iqj1jm9.mp4",
  "test/sim_video_4300002": "data/bc_eval_output/media/zug1y0nw.mp4",
  "test/sim_video_4300003": "data/bc_eval_output/media/8hwk3ypg.mp4",
  "train/mean_score": 0.12958618642524308,
  "train/sim_max_reward_0": 0.19029749660605202,
  "train/sim_max_reward_1": 0.21762671652501225,
  "train/sim_max_reward_2": 0.0,
  "train/sim_max_reward_3": 0.16710483848747734,
  "train/sim_max_reward_4": 0.009503307570729362,
  "train/sim_max_reward_5": 0.19298475936218748,
  "train/sim_video_0": "data/bc_eval_output/media/2y2e2i20.mp4",
  "train/sim_video_1": "data/bc_eval_output/media/7tkrkio8.mp4"
}